seed,cso,lb_diff,size_diff,binary_bound
0,0.16550447007388464,-0.03534354094386727,0.08656462585034014,0.05
1,0.1656451412763981,0.005818240488217052,0.2464627151051625,0.1111111111111111
2,0.1666427170312388,-0.008321429332878494,0.05768911055694098,0.17222222222222222
3,0.16546002798421577,0.010983781585235664,0.07356902356902356,0.23333333333333328
4,0.16356911615971936,0.07956907641658728,0.06505016722408025,0.2944444444444444
5,0.1628139786236728,0.07116032635194436,0.052483443708609245,0.3555555555555555
6,0.12254715928720902,-0.003247905582012378,0.18299817184643508,0.4166666666666666
7,0.15627925556897762,0.11225699113430732,0.09871244635193133,0.4777777777777777
8,0.13540364575944813,0.0063139819315131684,0.05873544093178035,0.5388888888888889
9,0.1504066595991877,0.09989524747783363,0.06610878661087866,0.6
10,0.16477815382490835,-0.023124566207322672,0.15816876122082585,0.05
11,0.16543299837692513,0.0027509333523874635,0.21534144059869037,0.1111111111111111
12,0.1658559561604844,0.04329147389292798,0.053521126760563364,0.17222222222222222
13,0.16567012577047782,-0.00246016009400013,0.053521126760563364,0.23333333333333328
14,0.12697950847501271,-0.01553205551883674,0.16923076923076924,0.2944444444444444
15,0.1355979786312896,0.010553378654832746,0.08547153780798639,0.3555555555555555
16,0.13154340238695442,0.046517280344540834,0.05768911055694098,0.4166666666666666
17,0.15434155920579898,0.12141647389292798,0.14012400354295834,0.4777777777777777
18,0.14822195390830756,0.1138797091870456,0.08985507246376812,0.5388888888888889
19,0.14796891044431718,0.10888914153141194,0.09316239316239316,0.6
20,0.16690857106543144,0.012744850098715788,0.05873544093178035,0.05
21,0.16497980134288018,-0.0278094435382647,0.20482822655524602,0.1111111111111111
22,0.1665348917067026,0.002054360490866103,0.1448888888888889,0.17222222222222222
23,0.16780567785567707,-0.025441679745886014,0.12486865148861648,0.23333333333333328
24,0.16087577567949038,0.07965511025656435,0.07895181741335588,0.2944444444444444
25,0.12861593023846174,-0.0005681752298790643,0.15816876122082585,0.3555555555555555
26,0.15553527309555518,0.06696835411576918,0.11109185441941072,0.4166666666666666
27,0.14950122894003598,0.1304474371956803,0.075716694772344,0.4777777777777777
28,0.14938037881694774,0.14772185363976342,0.06399331662489555,0.5388888888888889
29,0.1502196821239508,0.1040391374443298,0.06929530201342282,0.6
30,0.1648772017588465,-0.02034488974343568,0.07895181741335588,0.05
31,0.165678477179381,0.040791473892927976,0.15938903863432163,0.1111111111111111
32,0.16535899100939266,0.01446941875508334,0.15816876122082585,0.17222222222222222
33,0.16464985334731258,0.06710099770245181,0.15816876122082585,0.23333333333333328
34,0.1543507462304665,0.06596450491918093,0.18299817184643508,0.2944444444444444
35,0.13657110983822845,0.007107263366612215,0.05144747725392884,0.3555555555555555
36,0.13655472610214142,-0.03756661191565286,0.050413223140495844,0.4166666666666666
37,0.16046236714840298,0.06132426077817388,0.052483443708609245,0.4777777777777777
38,0.1306518246958928,0.08199116429540476,0.0714285714285714,0.5388888888888889
39,0.15255289091584592,0.09738983454866568,0.052483443708609245,0.6
40,0.1656519750954687,0.022630316868134603,0.2703595724003887,0.05
41,0.1648851163210482,-0.02319788780919968,0.1306948109058927,0.1111111111111111
42,0.16540973864267328,0.027162441634863477,0.0909556313993174,0.17222222222222222
43,0.16518538635054528,0.0012122659721359175,0.16429215509467987,0.23333333333333328
44,0.16319317658145818,0.08698079428127747,0.056644518272425226,0.2944444444444444
45,0.12740327179278588,-0.007535949274920739,0.18807339449541283,0.3555555555555555
46,0.15521661496960332,-0.014719575830828946,0.11450912250217199,0.4166666666666666
47,0.15871582146143526,0.16102847695103195,0.075716694772344,0.4777777777777777
48,0.14206142290489102,0.12369348394317925,0.15695067264573992,0.5388888888888889
49,0.15081680087575716,0.09490437711873445,0.05768911055694098,0.6
50,0.1659831534494301,-0.0030048224033683013,0.19962997224791856,0.05
51,0.1651278893040175,0.012904733561436288,0.11450912250217199,0.1111111111111111
52,0.16771125856401153,0.028056016829216046,0.11336805555555557,0.17222222222222222
53,0.1657973099956676,-0.022068003231255018,0.053521126760563364,0.23333333333333328
54,0.1566125959971135,0.05899828017565045,0.13775419982316534,0.2944444444444444
55,0.13229347966045404,0.006148616750070834,0.10094582975064487,0.3555555555555555
56,0.1628311529714731,0.08124526927246589,0.050413223140495844,0.4166666666666666
57,0.1614756002002947,0.05112846448853925,0.06716917922948074,0.4777777777777777
58,0.14511117602350995,0.14541348980804736,0.13186619718309855,0.5388888888888889
59,0.15012675378855325,0.1253348175461787,0.0714285714285714,0.6
60,0.16700960737133674,-0.017119837161056584,0.14608540925266905,0.05
61,0.16412832037821978,-0.02438529378383969,0.2862475442043222,0.1111111111111111
62,0.16671938186151453,-0.019018556502208794,0.07787162162162159,0.17222222222222222
63,0.16636843467744056,-0.005677598272020468,0.1448888888888889,0.23333333333333328
64,0.13310269408271153,-0.04478440686587959,0.12255244755244754,0.2944444444444444
65,0.13838604245897243,-0.05076793204766605,0.050413223140495844,0.3555555555555555
66,0.15906997647751306,0.035738603802293545,0.08003384094754651,0.4166666666666666
67,0.1617500008336555,0.15144194411236367,0.06716917922948074,0.4777777777777777
68,0.1480196879929401,0.14329147389292796,0.0953767123287671,0.5388888888888889
69,0.14796891044431718,0.10888914153141194,0.09316239316239316,0.6
70,0.16692296300632373,0.01317099196521715,0.08111769686706183,0.05
71,0.16551426121424467,0.018795796659498598,0.09759862778730705,0.1111111111111111
72,0.1658012047834545,0.0050561797752809445,0.08985507246376812,0.17222222222222222
73,0.16669382987614356,-0.014085575287399899,0.19318600368324124,0.23333333333333328
74,0.13524871534566024,0.0024109707482738996,0.06610878661087866,0.2944444444444444
75,0.1631817553904429,0.06756331855312214,0.056644518272425226,0.3555555555555555
76,0.15540866898481448,0.05003001836732146,0.12486865148861648,0.4166666666666666
77,0.13386529542184727,-0.0038209881131510692,0.07787162162162159,0.4777777777777777
78,0.15024074942840576,0.20086723146868557,0.07895181741335588,0.5388888888888889
79,0.150888868692852,0.09106217452987064,0.06188490408673891,0.6
80,0.1649325328606283,-0.001012323575426466,0.06399331662489555,0.05
81,0.16671234086213968,0.0008078137622090087,0.053521126760563364,0.1111111111111111
82,0.165846840920296,0.009958140559594653,0.07895181741335588,0.17222222222222222
83,0.1655541320762636,-0.05147976793713738,0.053521126760563364,0.23333333333333328
84,0.15747002775286342,0.0978637452793587,0.0887563884156729,0.2944444444444444
85,0.1609407269359104,0.0913683969698511,0.059783513738551175,0.3555555555555555
86,0.16043211653552134,0.04480204791105491,0.08003384094754651,0.4166666666666666
87,0.16187472585773874,0.09774691943748248,0.050413223140495844,0.4777777777777777
88,0.1530806441119008,0.1589266530460225,0.05456053067993366,0.5388888888888889
89,0.14992526252540478,0.10366299092079179,0.0714285714285714,0.6
90,0.16425725250091774,-0.00903410750242084,0.09426860564585116,0.05
91,0.16543983441833596,0.005047847830605023,0.10431034482758622,0.1111111111111111
92,0.16553308009140053,0.0003466886168543848,0.07464195450716088,0.17222222222222222
93,0.17161135014261744,0.06405824705586727,0.060833333333333295,0.23333333333333328
94,0.13571426953384957,0.001122799194132773,0.08111769686706183,0.2944444444444444
95,0.13510054186361362,-0.037353687397394586,0.05768911055694098,0.3555555555555555
96,0.13614135722356033,-0.014085575287399899,0.052483443708609245,0.4166666666666666
97,0.13138186543945288,0.05942050615099248,0.05768911055694098,0.4777777777777777
98,0.14911750987220232,0.16940423353684486,0.08656462585034014,0.5388888888888889
99,0.15052332166967783,0.12190782609418582,0.06610878661087866,0.6
100,0.16542915881424305,-0.007433163788231445,0.2689320388349514,0.05
101,0.16673633451329806,-0.017364263811990077,0.052483443708609245,0.1111111111111111
102,0.16576100176868497,-0.03348017965037908,0.30547263681592035,0.17222222222222222
103,0.16428449866675257,0.005555624836324213,0.06610878661087866,0.23333333333333328
104,0.15777591234396335,0.08519091523371014,0.10995670995670992,0.2944444444444444
105,0.1454246471822971,0.0962575755878432,0.25341018251681074,0.3555555555555555
106,0.14945815834818488,0.10942904003049414,0.13303964757709252,0.4166666666666666
107,0.1600706193928947,-0.026741099396974277,0.05456053067993366,0.4777777777777777
108,0.1507771292674566,0.0694352647426012,0.053521126760563364,0.5388888888888889
109,0.14861913754485037,0.1113388111710345,0.08765957446808509,0.6
110,0.16465498129901598,0.014060704662158752,0.07356902356902356,0.05
111,0.16413647035322804,-0.015267084665630593,0.08220338983050846,0.1111111111111111
112,0.16574604894586573,0.04000200020871747,0.05144747725392884,0.17222222222222222
113,0.16229682547083585,0.03525288868392479,0.05873544093178035,0.23333333333333328
114,0.13738948245381144,0.030470961072415148,0.059783513738551175,0.2944444444444444
115,0.13222324968813026,0.006774619960343731,0.1076923076923077,0.3555555555555555
116,0.14922197883673802,0.049258061005099774,0.18299817184643508,0.4166666666666666
117,0.15824810968060113,0.021950010478293813,0.07679324894514766,0.4777777777777777
118,0.15298898451551235,0.236360780823621,0.050413223140495844,0.5388888888888889
119,0.15030764252622225,0.13519178541940768,0.06929530201342282,0.6
120,0.16479751201465695,0.011444340134966202,0.06188490408673891,0.05
121,0.16499107750357883,0.004350663924080622,0.06929530201342282,0.1111111111111111
122,0.16636449364983485,0.0030985478479119144,0.05873544093178035,0.17222222222222222
123,0.1600197951535208,-0.05908947848802443,0.18426349496797806,0.23333333333333328
124,0.16096577045552302,0.07554953840905698,0.05768911055694098,0.2944444444444444
125,0.15733127125404353,0.09247180176178049,0.1190932868352223,0.3555555555555555
126,0.15794993194670656,0.07134427917345598,0.050413223140495844,0.4166666666666666
127,0.1315571886272602,0.02025624354062444,0.12255244755244754,0.4777777777777777
128,0.15155516869536934,0.11191892487332011,0.053521126760563364,0.5388888888888889
129,0.15098343668830033,0.12741845801991214,0.06293823038397328,0.6
130,0.16667355540045062,0.009745148014333738,0.060833333333333295,0.05
131,0.1664011777650761,-0.0031873993465086348,0.10656303972366149,0.1111111111111111
132,0.1638041806011143,-0.03096595184964629,0.050413223140495844,0.17222222222222222
133,0.16554099276406745,0.014070694672148776,0.05560165975103731,0.23333333333333328
134,0.1472512380647955,0.05044893810560691,0.2775390625,0.2944444444444444
135,0.16131975962551146,0.053159894945559505,0.05144747725392884,0.3555555555555555
136,0.13684155716795796,0.07794493923946266,0.050413223140495844,0.4166666666666666
137,0.12797346983781738,0.05184893110564193,0.1704710144927536,0.4777777777777777
138,0.15141442571198455,0.08874601934747339,0.06716917922948074,0.5388888888888889
139,0.15199963868068253,0.09523952584097994,0.05560165975103731,0.6
140,0.16704214622853658,0.016134924372161186,0.060833333333333295,0.05
141,0.16668614572720447,0.02339757468868392,0.13186619718309855,0.1111111111111111
142,0.16595423330809533,-0.015848311053308584,0.12602979842243645,0.17222222222222222
143,0.16148261438680744,0.0004343310357851071,0.06293823038397328,0.23333333333333328
144,0.15102619865499234,0.06011839696985111,0.17921604375569733,0.2944444444444444
145,0.16140732156812007,0.13134178835833676,0.06610878661087866,0.3555555555555555
146,0.1334058280235024,0.00863800854639335,0.050413223140495844,0.4166666666666666
147,0.15374993711400708,0.08345767887907751,0.11336805555555557,0.4777777777777777
148,0.1302889145273382,0.07559916620062024,0.07356902356902356,0.5388888888888889
149,0.15239956457133005,0.12223884231398063,0.05144747725392884,0.6
150,0.1644494399090209,-0.039126108524654424,0.11679721496953871,0.05
151,0.1656653232485392,-0.0343166686007107,0.1508928571428571,0.1111111111111111
152,0.16492588090322638,0.013763914837809865,0.30547263681592035,0.17222222222222222
153,0.16560615658131486,0.0005917493750216551,0.11565217391304344,0.23333333333333328
154,0.15765582635662886,0.04060330184991723,0.12602979842243645,0.2944444444444444
155,0.16014415281325267,0.060319337670017736,0.0714285714285714,0.3555555555555555
156,0.12516003847154555,0.01044475856446081,0.17295825771324863,0.4166666666666666
157,0.13530505839893114,0.10239690520283218,0.060833333333333295,0.4777777777777777
158,0.13038300884742,0.11518689872952925,0.053521126760563364,0.5388888888888889
159,0.15160848253675505,0.14329147389292796,0.052483443708609245,0.6
160,0.1640266508257174,0.01459056754851712,0.08003384094754651,0.05
161,0.16656244922964555,0.024229890315215385,0.0909556313993174,0.1111111111111111
162,0.16239115948794744,0.004350663924080622,0.06929530201342282,0.17222222222222222
163,0.16679412702504356,0.05631230722626135,0.14012400354295834,0.23333333333333328
164,0.12752420002826936,-0.0374260148963097,0.21799437675726335,0.2944444444444444
165,0.16080774941530196,0.10086723146868559,0.07895181741335588,0.3555555555555555
166,0.13175441645730593,0.04183374794540612,0.09316239316239316,0.4166666666666666
167,0.16248996238263286,0.0709787703098661,0.05456053067993366,0.4777777777777777
168,0.1333475494764723,0.03846832276752604,0.05873544093178035,0.5388888888888889
169,0.1508627330903018,0.10165109534403205,0.06505016722408025,0.6
170,0.16614508503098704,-0.04667902758199827,0.0887563884156729,0.05
171,0.16481015770377055,-0.0198664208439141,0.1353927625772286,0.1111111111111111
172,0.16425900083833295,-0.019815322223576903,0.056644518272425226,0.17222222222222222
173,0.1644700790366847,-0.003198089674434468,0.3344827586206896,0.23333333333333328
174,0.15573255636945338,0.0664873501815878,0.1448888888888889,0.2944444444444444
175,0.14430484631344057,0.07060239826267589,0.25901639344262295,0.3555555555555555
176,0.1569242397891302,0.1457011124471449,0.08111769686706183,0.4166666666666666
177,0.13435894233747245,-0.014464301684629755,0.050413223140495844,0.4777777777777777
178,0.15186158889407017,0.2024554610311916,0.05873544093178035,0.5388888888888889
179,0.14850859553444526,0.10838023128937768,0.08765957446808509,0.6
180,0.1641364484170291,0.0076789382803923445,0.10206540447504303,0.05
181,0.16579989839515008,-0.008758999293191905,0.06505016722408025,0.1111111111111111
182,0.1664443449929475,0.021988215747564543,0.15816876122082585,0.17222222222222222
183,0.1675403641005338,0.04861062282909823,0.1306948109058927,0.23333333333333328
184,0.15695756926990337,0.08075917415132594,0.14369449378330373,0.2944444444444444
185,0.16318356165660755,0.08784592933847257,0.050413223140495844,0.3555555555555555
186,0.135938477813645,-0.027665621816643005,0.050413223140495844,0.4166666666666666
187,0.16016041599128902,0.15440258500403914,0.07249789739276702,0.4777777777777777
188,0.15200298767567086,0.16084633282709726,0.06716917922948074,0.5388888888888889
189,0.15122255585937813,0.11563874077395697,0.05873544093178035,0.6
190,0.16604179519950898,0.04006566744131507,0.05768911055694098,0.05
191,0.1656935445003263,-0.004696142206143228,0.0714285714285714,0.1111111111111111
192,0.16836738494743525,0.011938338579396635,0.050413223140495844,0.17222222222222222
193,0.16746921563267772,0.030552620389743268,0.06188490408673891,0.23333333333333328
194,0.13434156098100036,0.003346570311660746,0.11565217391304344,0.2944444444444444
195,0.16144628313522238,0.08495814055959461,0.059783513738551175,0.3555555555555555
196,0.1583912638999491,0.14139273971571276,0.06399331662489555,0.4166666666666666
197,0.1434162028583936,0.10477639268643146,0.19833641404805913,0.4777777777777777
198,0.13320042954519828,0.03189082242712993,0.05456053067993366,0.5388888888888889
199,0.1509599830427041,0.10303990156588394,0.06610878661087866,0.6
200,0.16544877996084897,0.045513696115150215,0.22333019755409217,0.05
201,0.16486454794172006,-0.005095622881265582,0.12602979842243645,0.1111111111111111
202,0.1654619055938984,-0.004101891035981964,0.18680109990834098,0.17222222222222222
203,0.15832016360352186,-0.04630390182961536,0.09648671808054843,0.23333333333333328
204,0.16415612406025357,0.08454559930546923,0.050413223140495844,0.2944444444444444
205,0.1595065909042208,0.0692853576849769,0.075716694772344,0.3555555555555555
206,0.15849328557645664,0.12100408386360251,0.0909556313993174,0.4166666666666666
207,0.1585775476548313,0.17454147389292796,0.06823134953897736,0.4777777777777777
208,0.14620961772903862,0.14877092594772245,0.11794425087108013,0.5388888888888889
209,0.15203225421533442,0.1538525299985385,0.050413223140495844,0.6
210,0.1652642982440002,-0.028556033438450312,0.0909556313993174,0.05
211,0.16495264690963826,0.0007694797580306001,0.0909556313993174,0.1111111111111111
212,0.1657480397515188,0.01124019184164593,0.059783513738551175,0.17222222222222222
213,0.1670073286015117,0.006101391248299892,0.2703595724003887,0.23333333333333328
214,0.16053094308663454,0.08219637302837468,0.09759862778730705,0.2944444444444444
215,0.1366096155979596,0.014810461234700145,0.06399331662489555,0.3555555555555555
216,0.16013461149295777,0.11796679856825265,0.05560165975103731,0.4166666666666666
217,0.15045226170920298,0.0766248072262613,0.18426349496797806,0.4777777777777777
218,0.15082017093494743,0.19423487011934304,0.06610878661087866,0.5388888888888889
219,0.15221895072651748,0.09444658940447914,0.050413223140495844,0.6
220,0.16616938197255815,0.0012624883856816038,0.0953767123287671,0.05
221,0.1628392322049653,-0.030524682095929956,0.11109185441941072,0.1111111111111111
222,0.16723048426510717,0.02513965871140983,0.050413223140495844,0.17222222222222222
223,0.16680770020747704,0.021297338995567294,0.0909556313993174,0.23333333333333328
224,0.1380575704972661,-0.031176611213454997,0.07787162162162159,0.2944444444444444
225,0.15049878883022655,0.0760017542667597,0.19447004608294932,0.3555555555555555
226,0.16041491909515315,0.12206960894115948,0.05873544093178035,0.4166666666666666
227,0.1545043034069342,0.13384265499529013,0.13657243816254416,0.4777777777777777
228,0.14370734818275385,0.11881230722626135,0.14012400354295834,0.5388888888888889
229,0.14796891044431718,0.10888914153141194,0.09316239316239316,0.6
230,0.1650330194078713,-0.0003131772698627411,0.09426860564585116,0.05
231,0.16615933394905516,0.005823773634530072,0.14369449378330373,0.1111111111111111
232,0.164258475808342,0.002258039242472032,0.07787162162162159,0.17222222222222222
233,0.16826137828640264,0.006074645413963575,0.056644518272425226,0.23333333333333328
234,0.15941354754509607,0.08022329207474621,0.10318690783807061,0.2944444444444444
235,0.1606013411251458,0.06977122467174413,0.06929530201342282,0.3555555555555555
236,0.15886069978379158,0.1419756844192438,0.05144747725392884,0.4166666666666666
237,0.1604451885425621,0.08199116429540476,0.0714285714285714,0.4777777777777777
238,0.15092199395626965,0.07597121245501948,0.053521126760563364,0.5388888888888889
239,0.14972053301409288,0.11997859045734516,0.07464195450716088,0.6
240,0.165239497686746,-0.05076793204766605,0.050413223140495844,0.05
241,0.16427258520351232,-0.037353687397394586,0.0909556313993174,0.1111111111111111
242,0.1659203106847293,-0.025287079723032124,0.16061151079136687,0.17222222222222222
243,0.16118365541843901,0.017485022280024742,0.05768911055694098,0.23333333333333328
244,0.16267126547932453,0.08787746115407447,0.06188490408673891,0.2944444444444444
245,0.16020400897608175,0.06412480722626135,0.08547153780798639,0.3555555555555555
246,0.15662528903427525,0.021297338995567294,0.0909556313993174,0.4166666666666666
247,0.15003513494140014,0.10121109564233699,0.18807339449541283,0.4777777777777777
248,0.14785936545291195,0.1478112479042274,0.10543572044866262,0.5388888888888889
249,0.15144959148055273,0.09848627908773322,0.05560165975103731,0.6
250,0.16616292482332848,0.00320708570727396,0.25620789220404233,0.05
251,0.16285089040119938,-0.05279973131879839,0.05456053067993366,0.1111111111111111
252,0.16510386728863868,-0.0063063813349540365,0.12719298245614036,0.17222222222222222
253,0.16730590662562625,0.0031845220212702308,0.12835820895522387,0.23333333333333328
254,0.16133104139463242,0.06042543027922076,0.06929530201342282,0.2944444444444444
255,0.1274943664980717,0.011271769459430425,0.16675700090334233,0.3555555555555555
256,0.15353080756320672,0.09342000859729815,0.14608540925266905,0.4166666666666666
257,0.155687035113518,0.011862902464356562,0.10094582975064487,0.4777777777777777
258,0.12993388838922412,0.04917382683410443,0.08985507246376812,0.5388888888888889
259,0.15178063580357737,0.11894936862977012,0.05144747725392884,0.6
260,0.16728947434212518,-0.012629578738650948,0.05144747725392884,0.05
261,0.16561650490030214,0.003687513496888395,0.16429215509467987,0.1111111111111111
262,0.1633348489975362,-0.037353687397394586,0.0909556313993174,0.17222222222222222
263,0.15931624258171193,-0.0572832387507502,0.09871244635193133,0.23333333333333328
264,0.16457970833795438,-0.0003593197578656837,0.29950445986124874,0.2944444444444444
265,0.14545477647646493,0.09737535910264106,0.22735849056603774,0.3555555555555555
266,0.16121686779688865,0.12770705830851237,0.05560165975103731,0.4166666666666666
267,0.15315231582500777,0.061240191841645975,0.1472840605520926,0.4777777777777777
268,0.15077097235578965,0.11983870516328632,0.05456053067993366,0.5388888888888889
269,0.14915782202314146,0.10389753449898853,0.07895181741335588,0.6
270,0.16530047789351907,-0.00246016009400013,0.053521126760563364,0.05
271,0.1646137064117541,-0.028517036745369873,0.1306948109058927,0.1111111111111111
272,0.16641518976051795,-0.026801984050997263,0.06929530201342282,0.17222222222222222
273,0.16918984129763395,0.02756820345267641,0.06610878661087866,0.23333333333333328
274,0.15523094153193562,0.07385382108119198,0.1704710144927536,0.2944444444444444
275,0.13429745094955253,0.06843113869739725,0.3502049180327869,0.3555555555555555
276,0.1607803026682666,0.15055219996553526,0.050413223140495844,0.4166666666666666
277,0.1600717708637956,0.04004472064617476,0.05560165975103731,0.4777777777777777
278,0.13210789472238577,0.06366764944151737,0.06716917922948074,0.5388888888888889
279,0.14796891044431718,0.10888914153141194,0.09316239316239316,0.6
280,0.1654313873820215,0.023502555687123228,0.13421516754850088,0.05
281,0.16502170545072628,0.021749523779549307,0.21138059701492534,0.1111111111111111
282,0.165308251418506,-0.0009793594404053363,0.14012400354295834,0.17222222222222222
283,0.16870618976707671,0.07196977813232952,0.16061151079136687,0.23333333333333328
284,0.1476933819681014,0.05647605807142697,0.2833333333333333,0.2944444444444444
285,0.12035011668039852,-0.01388108327962917,0.26608527131782944,0.3555555555555555
286,0.15804842252518017,0.11639088909760631,0.09205807002561911,0.4166666666666666
287,0.1593933535326577,0.09449629317003638,0.08111769686706183,0.4777777777777777
288,0.15062722576060594,0.18415834695794342,0.0714285714285714,0.5388888888888889
289,0.14914815917984336,0.10616572538993396,0.08329092451229853,0.6
290,0.16672348936084122,0.024666832059117072,0.09982817869415805,0.05
291,0.16677191406204656,0.028047571453903575,0.07679324894514766,0.1111111111111111
292,0.16290780697356366,-0.01080688676280972,0.052483443708609245,0.17222222222222222
293,0.16888150320217835,0.022255875187426333,0.056644518272425226,0.23333333333333328
294,0.16165236841578104,0.08571571631717045,0.07895181741335588,0.2944444444444444
295,0.15982045709479023,0.1105429358812321,0.09205807002561911,0.3555555555555555
296,0.15979099377477474,0.08079147389292796,0.06823134953897736,0.4166666666666666
297,0.13484637773502695,0.025831156432610525,0.06293823038397328,0.4777777777777777
298,0.13201897139428015,0.06926549986695396,0.05560165975103731,0.5388888888888889
299,0.15184362604115895,0.08698079428127747,0.056644518272425226,0.6
300,0.16502560305854477,0.025837675124960824,0.2746588693957115,0.05
301,0.16596030316426255,0.003571847724703703,0.19447004608294932,0.1111111111111111
302,0.1677217936725468,-0.011280797493502692,0.0887563884156729,0.17222222222222222
303,0.16814272446427314,0.042157687044855396,0.21138059701492534,0.23333333333333328
304,0.12225775267190868,0.002986462999681805,0.23548387096774193,0.2944444444444444
305,0.1380847411584263,-0.05735787675642268,0.05560165975103731,0.3555555555555555
306,0.13573849822672254,-0.021224655139330084,0.05768911055694098,0.4166666666666666
307,0.15926470121446853,0.12489384778016832,0.08656462585034014,0.4777777777777777
308,0.14641633846139307,0.13557797527033844,0.11565217391304344,0.5388888888888889
309,0.14983187691898409,0.1420569059916934,0.07249789739276702,0.6
310,0.16414796096083883,-0.0037382290773690374,0.16429215509467987,0.05
311,0.16558881224758187,0.018468778857467005,0.18807339449541283,0.1111111111111111
312,0.16547006229344882,0.014989587100475155,0.06610878661087866,0.17222222222222222
313,0.16593886292393467,0.041875043298027104,0.10431034482758622,0.23333333333333328
314,0.16011089394744582,0.021167580087618265,0.0887563884156729,0.2944444444444444
315,0.16177821606199205,0.033737333765539446,0.06188490408673891,0.3555555555555555
316,0.16230596591419685,0.013879709187045619,0.053521126760563364,0.4166666666666666
317,0.1573517613356009,0.05942050615099248,0.05768911055694098,0.4777777777777777
318,0.13173845307905394,0.03131542598873638,0.08329092451229853,0.5388888888888889
319,0.15093762787385806,0.11653988153624006,0.06188490408673891,0.6
320,0.16548884133046382,-0.029035570132229238,0.06610878661087866,0.05
321,0.16536107189800747,-0.009578616741513113,0.08003384094754651,0.1111111111111111
322,0.1664686693711783,-0.01679922905491782,0.21138059701492534,0.17222222222222222
323,0.16249444649966568,0.00016793076938487195,0.19575645756457566,0.23333333333333328
324,0.16006939750004998,0.04484910629168182,0.06929530201342282,0.2944444444444444
325,0.1199633756037953,-0.004277236466480039,0.2548076923076923,0.3555555555555555
326,0.16087910694596658,0.08427508045030507,0.052483443708609245,0.4166666666666666
327,0.13638146880101962,0.04329147389292798,0.07679324894514766,0.4777777777777777
328,0.1260389623906885,0.06081168952635119,0.12486865148861648,0.5388888888888889
329,0.1522725497416765,0.11094823956949562,0.050413223140495844,0.6
330,0.16548790992528023,-0.04552431558075626,0.05144747725392884,0.05
331,0.1655982812241028,0.015928289813326002,0.16183618361836183,0.1111111111111111
332,0.16491843772347087,-0.006091242156454735,0.07249789739276702,0.17222222222222222
333,0.16557772039996138,0.016359389583794515,0.19318600368324124,0.23333333333333328
334,0.13906722078186595,-0.0639692521796793,0.050413223140495844,0.2944444444444444
335,0.1341147163940943,0.033916473892927956,0.06823134953897736,0.3555555555555555
336,0.15783220722989172,0.088183114759801,0.0714285714285714,0.4166666666666666
337,0.14721539231047,0.09152676801057502,0.190625,0.4777777777777777
338,0.15226632327758302,0.16342134402279807,0.05560165975103731,0.5388888888888889
339,0.1489591121289638,0.11045565299740556,0.08438030560271648,0.6
340,0.16517716636139443,0.011948190310838436,0.08438030560271648,0.05
341,0.16484132894940456,0.025831156432610525,0.06293823038397328,0.1111111111111111
342,0.16553712785833555,-0.009962963976894501,0.08765957446808509,0.17222222222222222
343,0.1618965928302866,0.03696235996887737,0.06399331662489555,0.23333333333333328
344,0.15866904513415014,0.04999388676156069,0.12719298245614036,0.2944444444444444
345,0.13392910652788068,-0.0026855376013248944,0.09871244635193133,0.3555555555555555
346,0.153288591959436,0.07285445589806938,0.14608540925266905,0.4166666666666666
347,0.13656421951443648,0.0559497017410292,0.06399331662489555,0.4777777777777777
348,0.1299387990297592,0.06668328675842505,0.09205807002561911,0.5388888888888889
349,0.15214474315130877,0.06474361910744941,0.050413223140495844,0.6
350,0.1658172879501708,-0.008987346482407121,0.12719298245614036,0.05
351,0.16528197468916417,0.01363045694377546,0.25341018251681074,0.1111111111111111
352,0.16570652123270585,0.005432466060029784,0.13893805309734514,0.17222222222222222
353,0.16583658149023026,0.028410521511975595,0.08547153780798639,0.23333333333333328
354,0.1549017552409376,0.07613818922139515,0.17295825771324863,0.2944444444444444
355,0.15411732458853108,0.11397210216517928,0.13775419982316534,0.3555555555555555
356,0.1557397898136784,0.1679490081395033,0.11794425087108013,0.4166666666666666
357,0.16161433897143146,0.005832190505305812,0.05456053067993366,0.4777777777777777
358,0.14842796952666704,0.15590408650554055,0.08220338983050846,0.5388888888888889
359,0.1515253933066472,0.12309603415351433,0.05456053067993366,0.6
360,0.16336691997754985,0.007687758722649318,0.0714285714285714,0.05
361,0.16582106221709975,0.016624807226261307,0.22333019755409217,0.1111111111111111
362,0.16554903410289307,0.0025937994743233106,0.09426860564585116,0.17222222222222222
363,0.1590875562292118,0.014762945364399427,0.08220338983050846,0.23333333333333328
364,0.15389536118482636,0.07424385484530893,0.18426349496797806,0.2944444444444444
365,0.11633284194626815,-0.0003978464954215166,0.3160320641282565,0.3555555555555555
366,0.13567496888938924,0.057949454348954044,0.05456053067993366,0.4166666666666666
367,0.14824384046560501,0.10089516052887271,0.20222428174235402,0.4777777777777777
368,0.15160329092304653,0.18278990649480886,0.06716917922948074,0.5388888888888889
369,0.15127948085333628,0.10173303233448638,0.05560165975103731,0.6
370,0.16532792353012987,0.016732582437962606,0.2009259259259259,0.05
371,0.16410159617241785,0.009129983209698156,0.07036104114189756,0.1111111111111111
372,0.1658165168148842,-0.028137097535643474,0.08547153780798639,0.17222222222222222
373,0.16716832524080333,0.001840696690855459,0.14250221827861576,0.23333333333333328
374,0.15341569570557,0.07525494421256274,0.20744186046511626,0.2944444444444444
375,0.16073070237783238,0.06158415681975726,0.07679324894514766,0.3555555555555555
376,0.15582953047266834,0.05135599002196023,0.12602979842243645,0.4166666666666666
377,0.16033148645779852,0.012744850098715788,0.05873544093178035,0.4777777777777777
378,0.13394968094558712,0.04824196894243293,0.050413223140495844,0.5388888888888889
379,0.14796891044431718,0.10888914153141194,0.09316239316239316,0.6
380,0.1643408154235648,0.03195646129846952,0.1557347670250896,0.05
381,0.1646951589668724,-0.00670852610707201,0.1353927625772286,0.1111111111111111
382,0.16466038128122673,-0.005728133950209269,0.053521126760563364,0.17222222222222222
383,0.16567957757553342,0.00863800854639335,0.050413223140495844,0.23333333333333328
384,0.13060213038772048,0.002426089277543342,0.17921604375569733,0.2944444444444444
385,0.13750505977630428,-0.016194056653695832,0.05873544093178035,0.3555555555555555
386,0.1359487263574989,0.04658094757713849,0.05144747725392884,0.4166666666666666
387,0.12844232587060847,0.10389753449898853,0.07895181741335588,0.4777777777777777
388,0.14330604038531944,0.1319804199083522,0.14608540925266905,0.5388888888888889
389,0.14847454984028066,0.1113388111710345,0.08765957446808509,0.6
390,0.16563433894302582,-0.00894733207722126,0.08438030560271648,0.05
391,0.16644814587258971,-0.010407810116618565,0.18299817184643508,0.1111111111111111
392,0.1653716591771737,-0.07209314149168738,0.059783513738551175,0.17222222222222222
393,0.1667320733623571,0.06114861675007088,0.08547153780798639,0.23333333333333328
394,0.15286057206452558,0.07257075317220729,0.21534144059869037,0.2944444444444444
395,0.13383621099643156,-0.0530940682757467,0.08111769686706183,0.3555555555555555
396,0.13681996006712863,-0.03090207449416882,0.05768911055694098,0.4166666666666666
397,0.1598145290200803,0.09992577810004777,0.056644518272425226,0.4777777777777777
398,0.15213951391401864,0.1554709610724152,0.059783513738551175,0.5388888888888889
399,0.14852570925923875,0.11895912967927813,0.08656462585034014,0.6
400,0.16581760655304717,0.020415656899463952,0.053521126760563364,0.05
401,0.16544846952961403,0.04766465173549361,0.09316239316239316,0.1111111111111111
402,0.1659828567256418,-0.014702256514595557,0.06716917922948074,0.17222222222222222
403,0.16322960173591067,-0.016456953780027983,0.06610878661087866,0.23333333333333328
404,0.1626904138673489,0.0977786533801075,0.059783513738551175,0.2944444444444444
405,0.15992989991167464,0.0417041723056264,0.06293823038397328,0.3555555555555555
406,0.13009939189319025,0.007146895579674961,0.08111769686706183,0.4166666666666666
407,0.15361999179888083,0.062183161550358745,0.1557347670250896,0.4777777777777777
408,0.12808083872867113,0.026624807226261316,0.11222896790980053,0.5388888888888889
409,0.15180250650162466,0.14001278536833783,0.052483443708609245,0.6
410,0.16532441025558953,0.008756939358393445,0.08220338983050846,0.05
411,0.16381010689400827,-0.0009708211890392393,0.052483443708609245,0.1111111111111111
412,0.1650431328776009,-0.021523340921886847,0.07249789739276702,0.17222222222222222
413,0.16807935914475947,0.05844298904444312,0.11565217391304344,0.23333333333333328
414,0.1620755966967739,0.10864101796587633,0.07787162162162159,0.2944444444444444
415,0.1519320015257844,0.09994172019834668,0.16675700090334233,0.3555555555555555
416,0.15888536092514924,0.063291473892928,0.07356902356902356,0.4166666666666666
417,0.1472288582683862,0.12854493011412615,0.20222428174235402,0.4777777777777777
418,0.15248581334346273,0.22081590386035466,0.05456053067993366,0.5388888888888889
419,0.15188802237049162,0.09921252652450696,0.05144747725392884,0.6
420,0.1649859004872061,-0.045832393176558406,0.08003384094754651,0.05
421,0.16677949410377618,0.034294044587015404,0.14608540925266905,0.1111111111111111
422,0.1636252324058169,-0.029334224431094347,0.10995670995670992,0.17222222222222222
423,0.15730724429880236,0.019074949676403774,0.10206540447504303,0.23333333333333328
424,0.15919019074432433,0.09757718817864225,0.10094582975064487,0.2944444444444444
425,0.15557133901102835,0.08850423985037481,0.1306948109058927,0.3555555555555555
426,0.1372774469286023,0.01061173533083648,0.053521126760563364,0.4166666666666666
427,0.16034438997746428,0.09774691943748248,0.050413223140495844,0.4777777777777777
428,0.13147911213985494,0.0463035220856991,0.08111769686706183,0.5388888888888889
429,0.14989405398891276,0.08763398153818791,0.075716694772344,0.6
430,0.16451481431525738,-0.0032201540140487928,0.09426860564585116,0.05
431,0.16468202928696352,0.006481657942007724,0.07464195450716088,0.1111111111111111
432,0.16612599278621834,0.0468714261602311,0.18299817184643508,0.17222222222222222
433,0.16323813108011986,0.004075787618418147,0.053521126760563364,0.23333333333333328
434,0.1584100976468233,0.060336928438382564,0.10318690783807061,0.2944444444444444
435,0.16262550575069304,0.097431601281463,0.06188490408673891,0.3555555555555555
436,0.15255901754050796,0.0559818292228772,0.1521000893655049,0.4166666666666666
437,0.1330923240064237,0.08556552637106207,0.09316239316239316,0.4777777777777777
438,0.1516906716124739,0.1799474224459826,0.05873544093178035,0.5388888888888889
439,0.14809015603281905,0.10761895927304499,0.09205807002561911,0.6
440,0.16637659034556562,0.013561744163198275,0.1237095363079615,0.05
441,0.16599234772964858,0.03278096338241748,0.08220338983050846,0.1111111111111111
442,0.16524089409313628,0.002641067388862939,0.28188050930460334,0.17222222222222222
443,0.16107232749264705,-0.009763188486493268,0.05873544093178035,0.23333333333333328
444,0.1561738359664846,0.08115048172582617,0.13893805309734514,0.2944444444444444
445,0.15343811452247652,0.12468682273013731,0.14369449378330373,0.3555555555555555
446,0.16151272781180262,0.014259215828411831,0.05768911055694098,0.4166666666666666
447,0.13796939052128943,0.08934410547187532,0.05144747725392884,0.4777777777777777
448,0.14125174604475035,0.1210692516707057,0.16552346570397108,0.5388888888888889
449,0.1514669298982635,0.12982993543138954,0.059783513738551175,0.6
450,0.16489266316451112,0.0016248072262612934,0.059783513738551175,0.05
451,0.16503131814848176,-0.001511393490584545,0.3842931937172775,0.1111111111111111
452,0.16641876752462148,0.014324219484867506,0.1557347670250896,0.17222222222222222
453,0.16941698904447322,0.08102732294953174,0.06610878661087866,0.23333333333333328
454,0.13805997440507511,-0.03276030604234709,0.056644518272425226,0.2944444444444444
455,0.13450543593935413,0.0004343310357851071,0.10094582975064487,0.3555555555555555
456,0.16128669052184635,0.06354069507672855,0.06929530201342282,0.4166666666666666
457,0.15693490242432775,0.011682278490629139,0.09871244635193133,0.4777777777777777
458,0.14388777226749966,0.13371700580782164,0.1306948109058927,0.5388888888888889
459,0.15017868824915429,0.1327976467324341,0.07249789739276702,0.6
460,0.16666970393737113,0.003657327551464584,0.07679324894514766,0.05
461,0.16357732743805098,-0.05419280283663175,0.06610878661087866,0.1111111111111111
462,0.1646155233043554,0.022118835456445884,0.05456053067993366,0.17222222222222222
463,0.1661389719200949,0.006199485762364176,0.08656462585034014,0.23333333333333328
464,0.1630844255385204,0.11147329207474621,0.05560165975103731,0.2944444444444444
465,0.15970237528201323,0.0595156626834884,0.0887563884156729,0.3555555555555555
466,0.1604588650430727,0.1274498897345121,0.050413223140495844,0.4166666666666666
467,0.1337160824875982,0.06926549986695396,0.05560165975103731,0.4777777777777777
468,0.13298242215288084,0.07597121245501948,0.053521126760563364,0.5388888888888889
469,0.15134982603029554,0.12034065422079687,0.052483443708609245,0.6
470,0.16417951313015908,0.008865244384731241,0.052483443708609245,0.05
471,0.1646056902897788,-0.044266129793707976,0.20222428174235402,0.1111111111111111
472,0.164895849720117,-0.04080638543428916,0.075716694772344,0.17222222222222222
473,0.1675099258781778,0.015372692167039681,0.1521000893655049,0.23333333333333328
474,0.15523379496597228,0.06883891914840246,0.17295825771324863,0.2944444444444444
475,0.13635044220940618,0.01523866861239992,0.050413223140495844,0.3555555555555555
476,0.153139269970014,0.09299907623210923,0.09205807002561911,0.4166666666666666
477,0.15001390978411386,0.1312035618050159,0.11679721496953871,0.4777777777777777
478,0.14310704938272878,0.14794263668362562,0.14369449378330373,0.5388888888888889
479,0.1505425893053309,0.12636357420640765,0.06716917922948074,0.6
480,0.16613671022214022,-0.023182514546378374,0.09648671808054843,0.05
481,0.16511283176143235,0.010134975219187936,0.13186619718309855,0.1111111111111111
482,0.16279840351712835,-0.027731253379799314,0.10318690783807061,0.17222222222222222
483,0.1612642361349434,-0.015188058270814708,0.09205807002561911,0.23333333333333328
484,0.15869941861181247,0.06761579821725228,0.1237095363079615,0.2944444444444444
485,0.13696385417163207,-0.004785449183995094,0.059783513738551175,0.3555555555555555
486,0.134440189462888,0.06120678333918206,0.05456053067993366,0.4166666666666666
487,0.16138317727787366,0.1401168707183248,0.06293823038397328,0.4777777777777777
488,0.12996106446867592,0.06341531290221591,0.0714285714285714,0.5388888888888889
489,0.14796891044431712,0.10888914153141194,0.09316239316239316,0.6
490,0.16575210722124628,-0.014960953291538015,0.17420526793823793,0.05
491,0.16636513011994447,0.0069033337312028875,0.12486865148861648,0.1111111111111111
492,0.16422738786160576,-0.04822046244659456,0.13186619718309855,0.17222222222222222
493,0.16549824294898957,0.01459056754851712,0.08003384094754651,0.23333333333333328
494,0.15753535609765273,0.08874601934747339,0.11565217391304344,0.2944444444444444
495,0.13482034308401417,-0.009089478488024383,0.06293823038397328,0.3555555555555555
496,0.12916625788272992,0.02532740203664058,0.08329092451229853,0.4166666666666666
497,0.16081933531457637,0.09921252652450696,0.05144747725392884,0.4777777777777777
498,0.1264271548017925,0.05021668164916071,0.11336805555555557,0.5388888888888889
499,0.14796891044431718,0.10888914153141194,0.09316239316239316,0.6
500,0.16625835935351876,-0.00739345761392135,0.11794425087108013,0.05
501,0.1649987669945044,0.009089519495533827,0.05456053067993366,0.1111111111111111
502,0.16584626444753076,0.017813766886558557,0.06188490408673891,0.17222222222222222
503,0.16285332593801086,-0.034397769134960454,0.29653808110781404,0.23333333333333328
504,0.16276474769340685,0.07877534486066995,0.05768911055694098,0.2944444444444444
505,0.1362231875280577,0.0497430867961538,0.05768911055694098,0.3555555555555555
506,0.14339337890924245,0.09377224312369725,0.17921604375569733,0.4166666666666666
507,0.12452965940122908,0.05122798182943589,0.21138059701492534,0.4777777777777777
508,0.1474334986033057,0.14833349069965063,0.10882352941176471,0.5388888888888889
509,0.1523533829181308,0.13075021976751544,0.050413223140495844,0.6
510,0.16455258684725138,0.025831156432610525,0.06293823038397328,0.05
511,0.16544507954492654,-0.00011688623568939516,0.05873544093178035,0.1111111111111111
512,0.16501368145588396,0.0219644596749185,0.18680109990834098,0.17222222222222222
513,0.16250363246543129,0.0363662661366953,0.11336805555555557,0.23333333333333328
514,0.16277919239339714,0.10380102803305535,0.06188490408673891,0.2944444444444444
515,0.1544195378969481,0.07178888321935284,0.14250221827861576,0.3555555555555555
516,0.12290999775939199,0.02572707108262351,0.19318600368324124,0.4166666666666666
517,0.1514516831124124,0.13095381155526564,0.05560165975103731,0.4777777777777777
518,0.147986893350628,0.12146256533835575,0.0887563884156729,0.5388888888888889
519,0.1483053638097167,0.1138797091870456,0.08985507246376812,0.6
520,0.16635603426736195,-0.04302774434811435,0.05456053067993366,0.05
521,0.16547407613287388,0.016379292589811856,0.10431034482758622,0.1111111111111111
522,0.16577870095766942,0.0013067410685004832,0.32982810920121336,0.17222222222222222
523,0.16125150669299582,-0.00012589305385074523,0.10882352941176471,0.23333333333333328
524,0.12658766998333912,-0.03142116978523296,0.2035250463821892,0.2944444444444444
525,0.16320017030174788,0.061443289074446183,0.050413223140495844,0.3555555555555555
526,0.13168262840369632,0.03278096338241748,0.08220338983050846,0.4166666666666666
527,0.15747387487438028,0.0866440750489973,0.09648671808054843,0.4777777777777777
528,0.13232584774067768,0.007465928721588411,0.06929530201342282,0.5388888888888889
529,0.14845931909563603,0.11261300781623185,0.0887563884156729,0.6
530,0.16567590966140366,-0.037353687397394586,0.05768911055694098,0.05
531,0.16613111131820651,-0.025104752522166374,0.18934802571166204,0.1111111111111111
532,0.1648705724018559,0.01035734215640105,0.08329092451229853,0.17222222222222222
533,0.1655518853429722,-0.014033366871403219,0.06188490408673891,0.23333333333333328
534,0.15871600340134734,0.026987126066841005,0.12139737991266375,0.2944444444444444
535,0.1620881471374079,0.06392639452784865,0.06293823038397328,0.3555555555555555
536,0.16056261475203656,0.0812853948655724,0.07787162162162159,0.4166666666666666
537,0.13081522842987797,0.04600886519727576,0.12139737991266375,0.4777777777777777
538,0.1521089972909206,0.11006671819260228,0.05456053067993366,0.5388888888888889
539,0.1480813547111203,0.1105429358812321,0.09205807002561911,0.6
540,0.1641016416187364,-0.03479071788789395,0.11794425087108013,0.05
541,0.1661208692542203,-0.01147043086897681,0.18426349496797806,0.1111111111111111
542,0.1659223089304187,-0.04747775687630279,0.07356902356902356,0.17222222222222222
543,0.15002217021177594,-0.03032815800891253,0.07464195450716088,0.23333333333333328
544,0.13524194860706562,-0.004400833799379722,0.07356902356902356,0.2944444444444444
545,0.1597346542762563,0.08534754865928307,0.06929530201342282,0.3555555555555555
546,0.12799130315942658,0.019118445903106074,0.1508928571428571,0.4166666666666666
547,0.13605108596152246,0.10626857312956917,0.32982810920121336,0.4777777777777777
548,0.13336054026104444,0.021552343458145384,0.07036104114189756,0.5388888888888889
549,0.15218129881300257,0.1347947418667842,0.053521126760563364,0.6
550,0.16561402431027208,0.0006558149781992761,0.14369449378330373,0.05
551,0.16555972368710037,0.0028383994592710016,0.056644518272425226,0.1111111111111111
552,0.1631078731425973,-0.030479017910350736,0.052483443708609245,0.17222222222222222
553,0.16822993741365314,0.04185880913648099,0.09982817869415805,0.23333333333333328
554,0.15451547040967187,0.0770910076924618,0.19575645756457566,0.2944444444444444
555,0.15018306468476914,0.05408284079940284,0.18047445255474454,0.3555555555555555
556,0.12855796713031956,-0.006987855716010571,0.10995670995670992,0.4166666666666666
557,0.15085338756963612,0.09262480722626132,0.12952548330404218,0.4777777777777777
558,0.12827248177013112,0.03616896677042086,0.10206540447504303,0.5388888888888889
559,0.15184471948297312,0.12309603415351433,0.05456053067993366,0.6
560,0.16339884452469333,-0.025097583857831895,0.07787162162162159,0.05
561,0.1660153408957174,-0.039530611996642595,0.07464195450716088,0.1111111111111111
562,0.16470244396675862,-0.022184716583262487,0.08547153780798639,0.17222222222222222
563,0.16807150047906022,-0.01903539591316622,0.11336805555555557,0.23333333333333328
564,0.163393810100906,0.008774708606931914,0.3039761431411531,0.2944444444444444
565,0.1541021763559339,0.07853951566838491,0.13893805309734514,0.3555555555555555
566,0.1354606470602767,-0.03236642084391411,0.05144747725392884,0.4166666666666666
567,0.1515049179722588,0.137350879833522,0.16429215509467987,0.4777777777777777
568,0.1502969804858416,0.10955653413389188,0.08111769686706183,0.5388888888888889
569,0.1493554863346943,0.11298844358989768,0.07895181741335588,0.6
570,0.1643351571112485,-0.03499135438990031,0.15452103849597132,0.05
571,0.1651870089782809,0.0027509333523874635,0.08220338983050846,0.1111111111111111
572,0.1624444407891833,0.01713762773908184,0.07356902356902356,0.17222222222222222
573,0.16333378877238733,-0.008725511245076256,0.25201535508637235,0.23333333333333328
574,0.16203484907066423,-0.003375192773738711,0.22333019755409217,0.2944444444444444
575,0.14773354390436824,0.07769514361769858,0.20482822655524602,0.3555555555555555
576,0.16225857709940705,0.09424688790566682,0.06188490408673891,0.4166666666666666
577,0.13342733203964835,0.04329147389292798,0.05768911055694098,0.4777777777777777
578,0.12862615394697804,0.014205601316750693,0.11336805555555557,0.5388888888888889
579,0.15230672039702095,0.11845487258573839,0.053521126760563364,0.6
580,0.16536333304740397,0.03161419151500866,0.25201535508637235,0.05
581,0.1664208759754712,-0.003536320669005555,0.08003384094754651,0.1111111111111111
582,0.16659178940329505,0.008035063636517736,0.059783513738551175,0.17222222222222222
583,0.16791348390495192,0.018994798701112148,0.1484848484848485,0.23333333333333328
584,0.1608913009355722,0.06696011294618243,0.08765957446808509,0.2944444444444444
585,0.15402719507561186,0.09405289521272497,0.1521000893655049,0.3555555555555555
586,0.16010593577157203,0.028439988744413114,0.050413223140495844,0.4166666666666666
587,0.15324732239558858,0.11895912967927813,0.08656462585034014,0.4777777777777777
588,0.1314207528149198,0.024772955374409433,0.07249789739276702,0.5388888888888889
589,0.15140288094260593,0.0881632687647228,0.059783513738551175,0.6
590,0.16546580614563752,4.8230649684732896e-05,0.1237095363079615,0.05
591,0.16614580616972005,0.012427276362063755,0.07249789739276702,0.1111111111111111
592,0.16436237805057605,-0.026051591800502705,0.17295825771324863,0.17222222222222222
593,0.16839166149118281,0.01697568441924374,0.09205807002561911,0.23333333333333328
594,0.15323769895414055,0.04943398003543409,0.1679927667269439,0.2944444444444444
595,0.13635853101817472,-0.061138905853907466,0.06399331662489555,0.3555555555555555
596,0.1300850598392376,-0.0007499768842740839,0.14250221827861576,0.4166666666666666
597,0.137859652254194,0.009745148014333738,0.060833333333333295,0.4777777777777777
598,0.15231707083517845,0.17112318910328395,0.056644518272425226,0.5388888888888889
599,0.15064344668698904,0.12819713427028645,0.06610878661087866,0.6
600,0.16420630204867323,-0.018284880786874957,0.16675700090334233,0.05
601,0.16721270807241037,0.02233339006059265,0.08329092451229853,0.1111111111111111
602,0.16644255307020908,-0.00566995043941626,0.08656462585034014,0.17222222222222222
603,0.16835032377377437,-0.026441463792531983,0.08656462585034014,0.23333333333333328
604,0.1275447401617508,-0.016517138547263388,0.1817351598173516,0.2944444444444444
605,0.1497823885686479,0.023101450139958846,0.18553113553113554,0.3555555555555555
606,0.16020825901545188,0.1320765206218999,0.06929530201342282,0.4166666666666666
607,0.15569113998496428,0.044811230731833795,0.07787162162162159,0.4777777777777777
608,0.13072435955826858,0.08102732294953174,0.06610878661087866,0.5388888888888889
609,0.15206744955243026,0.14855463178766481,0.05144747725392884,0.6
610,0.16542277214622306,-0.02192591741141986,0.07036104114189756,0.05
611,0.16516167858256373,-0.015902480767021665,0.1557347670250896,0.1111111111111111
612,0.1652632301354312,0.0003298651177908729,0.3662525879917184,0.17222222222222222
613,0.16867095365974752,0.021669852271306356,0.1237095363079615,0.23333333333333328
614,0.13332142050426235,0.005263304878843467,0.10656303972366149,0.2944444444444444
615,0.1617560589592365,0.07620683439449538,0.06716917922948074,0.3555555555555555
616,0.12602773931582595,-0.00707707647562239,0.1679927667269439,0.4166666666666666
617,0.14703677528715284,0.10564975053691894,0.21138059701492534,0.4777777777777777
618,0.15035749879840238,0.1565845252524446,0.08003384094754651,0.5388888888888889
619,0.15159576341538003,0.06756331855312214,0.056644518272425226,0.6
620,0.16460578193603181,0.03846832276752604,0.05873544093178035,0.05
621,0.1671839322843735,0.020768951370405464,0.08220338983050846,0.1111111111111111
622,0.1650499281383004,0.03159556746017944,0.09205807002561911,0.17222222222222222
623,0.16898849041211925,0.04469203411701761,0.10882352941176471,0.23333333333333328
624,0.13314560946455606,-0.0449438202247191,0.10882352941176471,0.2944444444444444
625,0.13085514361693645,0.016117560849449708,0.12139737991266375,0.3555555555555555
626,0.15473538957078914,0.03380637904197947,0.12255244755244754,0.4166666666666666
627,0.13636299965286544,0.0219799984830919,0.052483443708609245,0.4777777777777777
628,0.13370167606785116,0.0063139819315131684,0.05873544093178035,0.5388888888888889
629,0.14858679589778018,0.10246307152606404,0.08765957446808509,0.6
630,0.16546180214750997,0.04900575960721365,0.10094582975064487,0.05
631,0.16519403972077115,-0.00934010505444044,0.2847890088321884,0.1111111111111111
632,0.16513516395190644,-0.006075614714666944,0.15330948121645793,0.17222222222222222
633,0.16420026813286023,0.017813766886558557,0.06188490408673891,0.23333333333333328
634,0.13554196402764443,0.011376580275906711,0.07787162162162159,0.2944444444444444
635,0.16180582656974024,0.08587822468157147,0.06505016722408025,0.3555555555555555
636,0.14006428344042116,0.14789398435317902,0.2618357487922705,0.4166666666666666
637,0.15829185864881623,0.051434796368498015,0.05456053067993366,0.4777777777777777
638,0.1433031186486778,0.13152676801057506,0.1484848484848485,0.5388888888888889
639,0.14796891044431718,0.10888914153141194,0.09316239316239316,0.6
640,0.16580694402891213,0.016183040157988215,0.08111769686706183,0.05
641,0.1648892890227824,0.00891647389292799,0.06823134953897736,0.1111111111111111
642,0.16374593893787096,0.01870130995850172,0.052483443708609245,0.17222222222222222
643,0.16245122456061406,-0.026367968831530253,0.0714285714285714,0.23333333333333328
644,0.15770761515063078,0.07811041539710628,0.11109185441941072,0.2944444444444444
645,0.1415447755822355,0.09076622136767543,0.2862475442043222,0.3555555555555555
646,0.1598855760345198,0.001495808258253073,0.0714285714285714,0.4166666666666666
647,0.14666444517515978,0.03855213740003699,0.18680109990834098,0.4777777777777777
648,0.13161923160945554,0.0827651581034543,0.05144747725392884,0.5388888888888889
649,0.15157475383386035,0.12716244163486345,0.05768911055694098,0.6
650,0.16550943133785,8.159734971807664e-05,0.39936575052854123,0.05
651,0.16451099495398988,0.030470961072415148,0.059783513738551175,0.1111111111111111
652,0.16496105555248627,-0.0018980304802498904,0.09316239316239316,0.17222222222222222
653,0.16319738931527583,0.08958777018922426,0.07249789739276702,0.23333333333333328
654,0.16070835812521533,0.06387970918704566,0.08985507246376812,0.2944444444444444
655,0.16172540615136616,0.09329147389292802,0.06823134953897736,0.3555555555555555
656,0.13147705674490812,0.05901474433317955,0.06610878661087866,0.4166666666666666
657,0.14433856509318033,0.04552361675007088,0.22065727699530513,0.4777777777777777
658,0.15124953751642853,0.12290930828783242,0.06188490408673891,0.5388888888888889
659,0.1480877644293494,0.10761895927304499,0.09205807002561911,0.6
660,0.16482321445420578,0.00385127033058702,0.1508928571428571,0.05
661,0.16515512984563854,-0.020597414995960905,0.11222896790980053,0.1111111111111111
662,0.16749655159990276,0.011682278490629139,0.09871244635193133,0.17222222222222222
663,0.1648792731550859,0.02513965871140983,0.050413223140495844,0.23333333333333328
664,0.14357869689774955,0.0721185116662878,0.298019801980198,0.2944444444444444
665,0.1639358497040195,0.05814295904144284,0.050413223140495844,0.3555555555555555
666,0.16170362348659825,0.05881942420348696,0.07036104114189756,0.4166666666666666
667,0.147447962761696,0.05599355241486792,0.2009259259259259,0.4777777777777777
668,0.13072473111870972,0.034200564802018885,0.07895181741335588,0.5388888888888889
669,0.14863726162724203,0.10579147389292798,0.08547153780798639,0.6
670,0.16647469302690412,0.038136834717670265,0.1448888888888889,0.05
671,0.166356286543546,0.020355694076414244,0.075716694772344,0.1111111111111111
672,0.16329937607599357,-0.007913345384180481,0.08111769686706183,0.17222222222222222
673,0.15394791132555327,-0.04930111869966464,0.07249789739276702,0.23333333333333328
674,0.13788845105150896,-0.007863641618623185,0.050413223140495844,0.2944444444444444
675,0.1278864514909643,0.07742116672569244,0.4321467098166127,0.3555555555555555
676,0.13593869488038032,-0.03502177911912019,0.08111769686706183,0.4166666666666666
677,0.13603364304570625,0.06768171779536702,0.07679324894514766,0.4777777777777777
678,0.13240079509688543,0.032522243123697225,0.07356902356902356,0.5388888888888889
679,0.15076634642557735,0.15990489242327943,0.060833333333333295,0.6
680,0.16580692791933288,-0.0059148753134212195,0.06293823038397328,0.05
681,0.16408186669260258,-0.010960725520561765,0.0909556313993174,0.1111111111111111
682,0.16578572990946044,0.02056420116565527,0.05560165975103731,0.17222222222222222
683,0.16412257732584903,-0.013548603178362983,0.3221327967806841,0.23333333333333328
684,0.16142529974744188,0.06724356970131118,0.08329092451229853,0.2944444444444444
685,0.13725182446895273,0.005074913383373847,0.06188490408673891,0.3555555555555555
686,0.1347880540210851,0.06474361910744941,0.050413223140495844,0.4166666666666666
687,0.1510209152458954,0.11800411757108886,0.09871244635193133,0.4777777777777777
688,0.13198724212624383,0.044811230731833795,0.07787162162162159,0.5388888888888889
689,0.1518674474418182,0.11147329207474621,0.05560165975103731,0.6
690,0.16512033184494207,-0.009534078932624868,0.1679927667269439,0.05
691,0.1654781289135174,-0.022576789580125933,0.08329092451229853,0.1111111111111111
692,0.16397522511681217,0.031526768010575024,0.08985507246376812,0.17222222222222222
693,0.16728117630452946,0.02282363763561801,0.09205807002561911,0.23333333333333328
694,0.15395336041042076,0.07284230131609581,0.18807339449541283,0.2944444444444444
695,0.15626208551063697,0.1131238761275648,0.10995670995670992,0.3555555555555555
696,0.1622400142935679,0.11291172705748498,0.06399331662489555,0.4166666666666666
697,0.1358266008023024,-0.061822162470708375,0.10318690783807061,0.4777777777777777
698,0.133251898298338,0.06572737132882545,0.059783513738551175,0.5388888888888889
699,0.15199850982125415,0.07134427917345598,0.050413223140495844,0.6
700,0.16561503002566888,0.014289153707313151,0.19833641404805913,0.05
701,0.1659581270253121,-0.012658792536912156,0.3926315789473684,0.1111111111111111
702,0.1662233404116549,-0.017755037734978996,0.09426860564585116,0.17222222222222222
703,0.161181834776633,0.01523866861239992,0.050413223140495844,0.23333333333333328
704,0.16417800802859792,0.05636336931776453,0.053521126760563364,0.2944444444444444
705,0.1530655945109913,0.09379652439797848,0.15452103849597132,0.3555555555555555
706,0.16158920499137325,0.08075075728055015,0.05456053067993366,0.4166666666666666
707,0.14559356795914216,0.08793433103578507,0.22065727699530513,0.4777777777777777
708,0.1513569908353898,0.19393249953395364,0.059783513738551175,0.5388888888888889
709,0.1514730744555633,0.12528504302476073,0.05873544093178035,0.6
710,0.16525072090554185,0.03579147389292797,0.15938903863432163,0.05
711,0.16505014769464565,-0.02588540876906853,0.40615711252653924,0.1111111111111111
712,0.16604649716729583,-0.006127130758234789,0.09426860564585116,0.17222222222222222
713,0.16409229236907083,-0.016232335630881556,0.08547153780798639,0.23333333333333328
714,0.1414946681214182,0.06299128627566719,0.3438775510204081,0.2944444444444444
715,0.1597111103951157,0.04329147389292798,0.09426860564585116,0.3555555555555555
716,0.1336377863412127,0.014060704662158752,0.07356902356902356,0.4166666666666666
717,0.13471145731135434,0.022458140559594664,0.08547153780798639,0.4777777777777777
718,0.13213675547634376,0.07464460920645932,0.050413223140495844,0.5388888888888889
719,0.15203875047791102,0.15055219996553526,0.050413223140495844,0.6
720,0.16615455928811232,0.0007694797580306001,0.0909556313993174,0.05
721,0.1645105367228269,0.008865244384731241,0.052483443708609245,0.1111111111111111
722,0.16693149671988142,0.02813995874141284,0.11565217391304344,0.17222222222222222
723,0.16776722941786432,0.033087392260274906,0.14968777876895628,0.23333333333333328
724,0.13661858230299978,-0.046050218897040696,0.06716917922948074,0.2944444444444444
725,0.1622073491275972,0.0658721190542183,0.05768911055694098,0.3555555555555555
726,0.1553419814914828,-0.012958526107072044,0.06823134953897736,0.4166666666666666
727,0.13539120879509312,-0.007433163788231445,0.0953767123287671,0.4777777777777777
728,0.15196662166336503,0.17935704766341976,0.052483443708609245,0.5388888888888889
729,0.14935564947844293,0.11036464462463524,0.07679324894514766,0.6
730,0.16574976771782812,-0.027533050419968452,0.2548076923076923,0.05
731,0.16437913669638787,-0.0037170731156190295,0.10206540447504303,0.1111111111111111
732,0.16509475355545866,0.034089019905197915,0.07464195450716088,0.17222222222222222
733,0.1673365951115687,0.06670745185436044,0.11565217391304344,0.23333333333333328
734,0.13519730016584483,-0.053767349636483774,0.08985507246376812,0.2944444444444444
735,0.15967995255404208,0.07341195582063886,0.08111769686706183,0.3555555555555555
736,0.15905742469165537,0.024117432594992882,0.0887563884156729,0.4166666666666666
737,0.15224734155179717,0.06974650034795449,0.13303964757709252,0.4777777777777777
738,0.1515141641623932,0.11154544214689621,0.06293823038397328,0.5388888888888889
739,0.15040635411932007,0.11782563538361124,0.07036104114189756,0.6
740,0.16553586425970837,-0.005166675886807692,0.22870632672332386,0.05
741,0.16504540784580585,-0.01281825179285756,0.16061151079136687,0.1111111111111111
742,0.1673263766414574,0.02007165965144192,0.0714285714285714,0.17222222222222222
743,0.1646865597611098,0.029359585348036343,0.0714285714285714,0.23333333333333328
744,0.1333075990263133,-0.000617874548998365,0.10431034482758622,0.2944444444444444
745,0.161779742613809,0.1021150033046927,0.053521126760563364,0.3555555555555555
746,0.15962433026715173,0.0882016535336465,0.08329092451229853,0.4166666666666666
747,0.15345475648633902,0.13171591119196335,0.05873544093178035,0.4777777777777777
748,0.13399212336029576,0.04164130887642631,0.050413223140495844,0.5388888888888889
749,0.1501998455315807,0.11427912821391562,0.07249789739276702,0.6
750,0.16543482379563973,0.025865200434482927,0.12719298245614036,0.05
751,0.16429143400086416,-0.02593929533784123,0.07356902356902356,0.1111111111111111
752,0.16624034861888365,0.006148616750070834,0.10094582975064487,0.17222222222222222
753,0.16343870163142912,0.04641647389292802,0.06823134953897736,0.23333333333333328
754,0.13668459263153432,-0.03170852610707203,0.06823134953897736,0.2944444444444444
755,0.15694159918645004,0.11033058003817942,0.10995670995670992,0.3555555555555555
756,0.13347124269608165,0.021839328678406544,0.050413223140495844,0.4166666666666666
757,0.16255408207034175,0.1156598949455595,0.05144747725392884,0.4777777777777777
758,0.13067633643671092,0.05079898140043548,0.08220338983050846,0.5388888888888889
759,0.15185254660929165,0.0709787703098661,0.05456053067993366,0.6
760,0.16493221364305619,-0.014733217465096704,0.16552346570397108,0.05
761,0.1654350595434497,0.013421344022798098,0.14131205673758862,0.1111111111111111
762,0.16503927802544047,-0.0252216456405997,0.09316239316239316,0.17222222222222222
763,0.16736415870535035,0.044749199840449894,0.09316239316239316,0.23333333333333328
764,0.15885005252186943,0.0760550066564607,0.10206540447504303,0.2944444444444444
765,0.16036319406598373,0.02465793352025719,0.07036104114189756,0.3555555555555555
766,0.16115742389022059,0.04018588383081617,0.07036104114189756,0.4166666666666666
767,0.14997956070313223,0.11606142694457122,0.19190432382704692,0.4777777777777777
768,0.12370774919681136,0.013440727624271287,0.16183618361836183,0.5388888888888889
769,0.1522799896047599,0.11754889963550219,0.050413223140495844,0.6
770,0.16445686277093732,0.012744850098715788,0.05873544093178035,0.05
771,0.1674453400957396,0.0031845220212702308,0.12835820895522387,0.1111111111111111
772,0.16627552031565518,0.004539110943967695,0.33760162601626015,0.17222222222222222
773,0.16540806861635532,-0.020741223654755947,0.12024432809773122,0.23333333333333328
774,0.15379787594724517,0.04447912234898499,0.18553113553113554,0.2944444444444444
775,0.1612462920062569,0.06180999241144647,0.07249789739276702,0.3555555555555555
776,0.14955310703102598,0.10830329422389728,0.18807339449541283,0.4166666666666666
777,0.15680212603478894,0.03545448329731671,0.06716917922948074,0.4777777777777777
778,0.15154618491963173,0.07618621073503329,0.05144747725392884,0.5388888888888889
779,0.15094691251025494,0.12927873503942477,0.06188490408673891,0.6
780,0.16555442836564493,-0.002951300673545987,0.09648671808054843,0.05
781,0.1659817832302028,0.026807957409411498,0.11679721496953871,0.1111111111111111
782,0.1656414213427244,0.007494707149279023,0.2009259259259259,0.17222222222222222
783,0.16990595707429582,0.07079956450781466,0.056644518272425226,0.23333333333333328
784,0.15478906860381206,0.07694532004677412,0.17921604375569733,0.2944444444444444
785,0.13514136327344983,0.01634536610849685,0.08329092451229853,0.3555555555555555
786,0.14583708968848852,0.07781263202210398,0.22199248120300752,0.4166666666666666
787,0.14182731202916585,0.08690202156027083,0.2833333333333333,0.4777777777777777
788,0.1484542107083037,0.10692783752929158,0.07895181741335588,0.5388888888888889
789,0.14964121453341692,0.11298844358989768,0.07895181741335588,0.6
790,0.16452413870825391,0.03688121748267159,0.059783513738551175,0.05
791,0.1657887293769657,-0.0057801441442073,0.13186619718309855,0.1111111111111111
792,0.1637524302563338,-0.012629578738650948,0.05144747725392884,0.17222222222222222
793,0.1665255726693824,0.031243281121843658,0.08111769686706183,0.23333333333333328
794,0.14086355047731167,0.09572593082176695,0.3454545454545454,0.2944444444444444
795,0.15219222750025488,0.0891971810889578,0.16306306306306306,0.3555555555555555
796,0.13342523455933525,0.03355121415266826,0.05560165975103731,0.4166666666666666
797,0.1564303582734231,0.019195088350759282,0.08111769686706183,0.4777777777777777
798,0.1524296888721524,0.23936990526547697,0.053521126760563364,0.5388888888888889
799,0.15030495005389988,0.10985494138518803,0.0714285714285714,0.6
800,0.16567344532841422,0.00901251408205328,0.18807339449541283,0.05
801,0.16597877177729198,0.04169402980347109,0.060833333333333295,0.1111111111111111
802,0.16447176987492093,-0.02593929533784123,0.07356902356902356,0.17222222222222222
803,0.1678703501151257,0.02687356344516678,0.08438030560271648,0.23333333333333328
804,0.16113049231759305,0.04171418682668193,0.06505016722408025,0.2944444444444444
805,0.1520561426817438,0.02640835700981109,0.14131205673758862,0.3555555555555555
806,0.13655584547203997,0.0007047231042844326,0.06505016722408025,0.4166666666666666
807,0.15657857745011644,0.05881942420348696,0.07036104114189756,0.4777777777777777
808,0.15182035868283741,0.13539673705082267,0.05144747725392884,0.5388888888888889
809,0.15202645592045264,0.10579147389292798,0.05144747725392884,0.6
810,0.16426907213449282,-0.015438684837230765,0.06293823038397328,0.05
811,0.16471320796359482,0.007389547448094336,0.40615711252653924,0.1111111111111111
812,0.16443734829086576,-0.029711280928008676,0.11565217391304344,0.17222222222222222
813,0.16421779112988819,0.01742940492741074,0.4216505894962486,0.23333333333333328
814,0.1591383181441256,0.07487042126134902,0.1353927625772286,0.2944444444444444
815,0.1297652735692685,-0.010762580161126079,0.1237095363079615,0.3555555555555555
816,0.1598017556182836,0.1063982700094328,0.056644518272425226,0.4166666666666666
817,0.16067164799388917,0.04002350003671884,0.053521126760563364,0.4777777777777777
818,0.14353747997248403,0.14224980722626135,0.14012400354295834,0.5388888888888889
819,0.1504207489426815,0.13519178541940768,0.06929530201342282,0.6
820,0.16668217351081602,-0.011932406704086962,0.08438030560271648,0.05
821,0.16475419621969567,0.009598751520960347,0.12486865148861648,0.1111111111111111
822,0.16652455176225608,-0.0045633115856199,0.050413223140495844,0.17222222222222222
823,0.1609637129811199,-0.018820327349308053,0.07036104114189756,0.23333333333333328
824,0.16308966632933092,0.06252224312369725,0.059783513738551175,0.2944444444444444
825,0.16221721374594406,0.005832190505305812,0.05456053067993366,0.3555555555555555
826,0.1603930533388557,0.09313070218874786,0.05873544093178035,0.4166666666666666
827,0.1586868790754333,0.038759751838547296,0.08003384094754651,0.4777777777777777
828,0.1215840719438176,0.026859549010298855,0.19190432382704692,0.5388888888888889
829,0.15237457556400225,0.1538525299985385,0.050413223140495844,0.6
830,0.16518859375271472,-0.03246610186464777,0.07895181741335588,0.05
831,0.163708031452561,-0.028915610575736883,0.12024432809773122,0.1111111111111111
832,0.16467826353786374,-0.036418671034608274,0.2689320388349514,0.17222222222222222
833,0.16038817635945826,-0.024727619185830996,0.18299817184643508,0.23333333333333328
834,0.16021824618029018,0.06149875680609329,0.10882352941176471,0.2944444444444444
835,0.13615792152460024,-0.01683510838555302,0.06399331662489555,0.3555555555555555
836,0.1299362362429234,0.0344307143992571,0.15330948121645793,0.4166666666666666
837,0.1558070349762037,0.12949837044465207,0.09871244635193133,0.4777777777777777
838,0.15017067512469293,0.12528504302476073,0.05873544093178035,0.5388888888888889
839,0.14917289948682572,0.10389753449898853,0.07895181741335588,0.6
840,0.16701514387376276,0.03596009559380775,0.0909556313993174,0.05
841,0.1654806966000751,0.005657065290777419,0.12602979842243645,0.1111111111111111
842,0.16583672101957722,-0.03405659240541459,0.11450912250217199,0.17222222222222222
843,0.16505180955521964,-0.011306227256497325,0.09871244635193133,0.23333333333333328
844,0.160838068072081,0.012988443589897702,0.07895181741335588,0.2944444444444444
845,0.15170340909183588,0.07857127924572604,0.17295825771324863,0.3555555555555555
846,0.15512199563283396,0.08850423985037481,0.1306948109058927,0.4166666666666666
847,0.15455574461362906,0.09106217452987064,0.06188490408673891,0.4777777777777777
848,0.12733481017710346,0.08495814055959461,0.11222896790980053,0.5388888888888889
849,0.14859115780166685,0.10838023128937768,0.08765957446808509,0.6
850,0.1652750939554965,-0.021377295823160336,0.06505016722408025,0.05
851,0.16611929961403685,0.006395799592673501,0.1508928571428571,0.1111111111111111
852,0.16593443595407661,-0.00566995043941626,0.08656462585034014,0.17222222222222222
853,0.16609058278883554,-0.006050631370229931,0.05144747725392884,0.23333333333333328
854,0.16745817540181096,0.04548445634906828,0.2314096499526963,0.2944444444444444
855,0.1360097103768112,-0.03870209523890483,0.05873544093178035,0.3555555555555555
856,0.15844747782029237,0.05058010363053733,0.09316239316239316,0.4166666666666666
857,0.1612587467111367,-0.006547754402891959,0.05873544093178035,0.4777777777777777
858,0.1352003467580501,0.023936635183250565,0.05768911055694098,0.5388888888888889
859,0.15161775015044443,0.11563874077395697,0.05873544093178035,0.6
860,0.16536260602472222,0.005706052480627277,0.20875232774674113,0.05
861,0.1654920338974668,0.006706108039269465,0.3438775510204081,0.1111111111111111
862,0.1655854839941859,-0.024276093674639565,0.1237095363079615,0.17222222222222222
863,0.1648551895245776,-0.03852670792525387,0.07895181741335588,0.23333333333333328
864,0.14777452975256578,0.07729147389292801,0.29358341559723594,0.2944444444444444
865,0.14739218985153732,0.08123790246435658,0.22065727699530513,0.3555555555555555
866,0.13550494595349014,0.0013753062282573225,0.08329092451229853,0.4166666666666666
867,0.15132041645355587,0.11436379309492295,0.16061151079136687,0.4777777777777777
868,0.13079112692116163,0.1059924385231531,0.05873544093178035,0.5388888888888889
869,0.1520682768674382,0.15312753946669844,0.052483443708609245,0.6
870,0.16594323856729032,-0.012629578738650948,0.05144747725392884,0.05
871,0.16475361235860467,-0.023280764067411974,0.10431034482758622,0.1111111111111111
872,0.16645588568504993,0.007180362781816885,0.11222896790980053,0.17222222222222222
873,0.16605220908704973,0.02368363075567309,0.16923076923076924,0.23333333333333328
874,0.13748803853692884,-0.031052549430687193,0.09316239316239316,0.2944444444444444
875,0.1561143649691647,0.09854753858295495,0.12486865148861648,0.3555555555555555
876,0.13707608482886802,0.02265655325800736,0.06293823038397328,0.4166666666666666
877,0.14774034725162183,0.05718036278181682,0.19962997224791856,0.4777777777777777
878,0.13268849650179726,0.06419179543633635,0.05873544093178035,0.5388888888888889
879,0.15107293454732748,0.15794115542159037,0.06188490408673891,0.6
880,0.16619179339807744,-0.02141440846001319,0.08985507246376812,0.05
881,0.16439289620719905,-0.06229858821887324,0.07036104114189756,0.1111111111111111
882,0.1627984401803398,0.015166473892927967,0.06823134953897736,0.17222222222222222
883,0.15278494098506953,-0.05385138324992916,0.10094582975064487,0.23333333333333328
884,0.15219180713545982,0.06053285320327284,0.16675700090334233,0.2944444444444444
885,0.15851647757189682,0.02875659017199772,0.09426860564585116,0.3555555555555555
886,0.14799062772640964,0.12310368046569797,0.19190432382704692,0.4166666666666666
887,0.1515828847179346,0.15787480722626135,0.14012400354295834,0.4777777777777777
888,0.15260232094755458,0.17435943505797658,0.056644518272425226,0.5388888888888889
889,0.1493076644091301,0.09952247693244165,0.07787162162162159,0.6
890,0.16630930312675113,0.022942636683625672,0.09426860564585116,0.05
891,0.16616703561436932,-0.04727924571004971,0.16306306306306306,0.1111111111111111
892,0.16679342763919752,-0.007341437499477077,0.25620789220404233,0.17222222222222222
893,0.1665243808918198,0.0127651581034543,0.25761078998073217,0.23333333333333328
894,0.1337411558291064,-0.04319501259355851,0.1237095363079615,0.2944444444444444
895,0.14567574336189515,0.09740402800548209,0.23958135109419598,0.3555555555555555
896,0.15482373220079101,0.034864507600793126,0.1076923076923077,0.4166666666666666
897,0.13527193970728477,0.09424688790566682,0.06188490408673891,0.4777777777777777
898,0.14562557582578153,0.11239716494983854,0.12255244755244754,0.5388888888888889
899,0.15129675067624387,0.10920787260675435,0.05873544093178035,0.6
900,0.16510088887249033,0.014116423591117089,0.2891732283464567,0.05
901,0.16387161114289692,-0.009554054562356584,0.12255244755244754,0.1111111111111111
902,0.16441876181696113,0.015513696115150188,0.07249789739276702,0.17222222222222222
903,0.16721075080034167,0.010553378654832746,0.08547153780798639,0.23333333333333328
904,0.1514298313550991,0.0563556069095551,0.18553113553113554,0.2944444444444444
905,0.16130572481532865,0.09848627908773322,0.05560165975103731,0.3555555555555555
906,0.1528287201455135,0.10894803954949361,0.15452103849597132,0.4166666666666666
907,0.16062919807886256,0.05739805696502831,0.06716917922948074,0.4777777777777777
908,0.1525856623633768,0.19393249953395364,0.059783513738551175,0.5388888888888889
909,0.15174003507691233,0.12961069213397036,0.05456053067993366,0.6
910,0.16572039123618973,-0.02233352610707201,0.06823134953897736,0.05
911,0.16534425626464574,-0.01569729015201582,0.1076923076923077,0.1111111111111111
912,0.16596092266986887,0.012834621101049826,0.1521000893655049,0.17222222222222222
913,0.1635639956095746,0.02165138277675488,0.20875232774674113,0.23333333333333328
914,0.13531885577435385,0.00900575960721367,0.10094582975064487,0.2944444444444444
915,0.1552710986542999,0.06595814055959459,0.12952548330404218,0.3555555555555555
916,0.12930703603955207,0.027256488470187468,0.09316239316239316,0.4166666666666666
917,0.16199026674796935,0.06804394914045275,0.050413223140495844,0.4777777777777777
918,0.12362085453346153,0.02724209117687859,0.16552346570397108,0.5388888888888889
919,0.14991290613314343,0.1327976467324341,0.07249789739276702,0.6
920,0.16637857528822286,0.010340184494647187,0.09982817869415805,0.05
921,0.16636161000478467,-0.0006824674751502169,0.05456053067993366,0.1111111111111111
922,0.16313058474808745,-0.01122566006345832,0.06929530201342282,0.17222222222222222
923,0.166458856114562,0.012744850098715788,0.05873544093178035,0.23333333333333328
924,0.16130162304178314,-0.03142116978523296,0.09871244635193133,0.2944444444444444
925,0.1337926896195322,-0.0501803361960928,0.08656462585034014,0.3555555555555555
926,0.15693754421704634,0.05731016548171297,0.06929530201342282,0.4166666666666666
927,0.15644031424118857,0.07237734646910532,0.11336805555555557,0.4777777777777777
928,0.133314153919301,0.044899190934728606,0.05873544093178035,0.5388888888888889
929,0.1525868863524847,0.07134427917345598,0.050413223140495844,0.6
930,0.16470569605316288,-0.02178789118643709,0.06293823038397328,0.05
931,0.16665182919513424,-0.009089478488024383,0.06293823038397328,0.1111111111111111
932,0.1638834642659639,-0.042915422658796165,0.09871244635193133,0.17222222222222222
933,0.16747678822391424,0.03278096338241748,0.08220338983050846,0.23333333333333328
934,0.14219334970913203,0.07764261893109592,0.32982810920121336,0.2944444444444444
935,0.15097334656146444,0.0896097636791513,0.18553113553113554,0.3555555555555555
936,0.1589367798970124,0.0991920950109404,0.07036104114189756,0.4166666666666666
937,0.15117409961320571,0.02006409002984727,0.1704710144927536,0.4777777777777777
938,0.1312961388400241,0.10579147389292798,0.05144747725392884,0.5388888888888889
939,0.15115394598316514,0.1561946996993796,0.05768911055694098,0.6
940,0.16439337280274852,0.01697568441924374,0.1817351598173516,0.05
941,0.1649037542216455,-0.007016534320624379,0.2746588693957115,0.1111111111111111
942,0.16754730759582506,0.025747614243805172,0.09205807002561911,0.17222222222222222
943,0.16561561180126885,-0.0077921174383413505,0.0714285714285714,0.23333333333333328
944,0.1551711125045119,0.06640582912407156,0.17295825771324863,0.2944444444444444
945,0.12113758727468685,0.01224222335759606,0.2464627151051625,0.3555555555555555
946,0.13555973914009845,0.022118835456445884,0.05456053067993366,0.4166666666666666
947,0.1609803060304651,0.06086335887695349,0.060833333333333295,0.4777777777777777
948,0.14947239054689906,0.15096109041210204,0.0887563884156729,0.5388888888888889
949,0.15113182241184056,0.10822653882799294,0.05560165975103731,0.6
950,0.1651856468505226,0.017765948367402473,0.08220338983050846,0.05
951,0.16566162648579283,-0.05138308232008976,0.08765957446808509,0.1111111111111111
952,0.1659347881451936,0.03996553154259541,0.2246704331450094,0.17222222222222222
953,0.16527906654783456,0.008856212184938983,0.11565217391304344,0.23333333333333328
954,0.13780654503344114,-0.02269093079915413,0.0909556313993174,0.2944444444444444
955,0.1358342059549468,-0.041917529322506086,0.05873544093178035,0.3555555555555555
956,0.14699523102135806,0.06835113976404972,0.18299817184643508,0.4166666666666666
957,0.15409903697915972,0.0679667985682526,0.14131205673758862,0.4777777777777777
958,0.13208952366724783,0.012041473892927979,0.06823134953897736,0.5388888888888889
959,0.14955575577017777,0.10731586413683036,0.07679324894514766,0.6
960,0.16464819385619356,0.014070694672148776,0.05560165975103731,0.05
961,0.16705145962903348,0.02106925167070578,0.11222896790980053,0.1111111111111111
962,0.16619661042293762,-0.03942457548978806,0.16552346570397108,0.17222222222222222
963,0.16847984254594606,0.02695160461188223,0.053521126760563364,0.23333333333333328
964,0.15151550762091862,0.08365021828754682,0.21799437675726335,0.2944444444444444
965,0.16007626361667054,0.047964371089189606,0.06929530201342282,0.3555555555555555
966,0.1592226848888314,0.07994836538852912,0.0909556313993174,0.4166666666666666
967,0.13761106396339626,-0.04215156408175558,0.06399331662489555,0.4777777777777777
968,0.1299625627298972,0.07761983210188317,0.08438030560271648,0.5388888888888889
969,0.15202244792589054,0.09921252652450696,0.05144747725392884,0.6
970,0.16532466906652915,0.0005107252298263698,0.12835820895522387,0.05
971,0.16469402198686348,0.005065174198738365,0.075716694772344,0.1111111111111111
972,0.1662841042299121,-0.01900884559588989,0.060833333333333295,0.17222222222222222
973,0.1693644849189286,0.0253761644466739,0.05456053067993366,0.23333333333333328
974,0.1371284765867116,-0.008321429332878494,0.05768911055694098,0.2944444444444444
975,0.13674147177600596,0.003817789682401651,0.05144747725392884,0.3555555555555555
976,0.16197231750888447,0.09157807825429864,0.06929530201342282,0.4166666666666666
977,0.12503285344868562,0.05819662294441852,0.12255244755244754,0.4777777777777777
978,0.15031095366275574,0.15335436697468896,0.06610878661087866,0.5388888888888889
979,0.14863867459527078,0.10838023128937768,0.08765957446808509,0.6
980,0.1665569811234551,0.020509699312592222,0.18047445255474454,0.05
981,0.16617928290534956,0.001840696690855459,0.14250221827861576,0.1111111111111111
982,0.16592964580215291,-0.021265488132388488,0.15330948121645793,0.17222222222222222
983,0.16672191455000962,0.009572784104874055,0.3221327967806841,0.23333333333333328
984,0.16293994304544596,0.04168375685112735,0.05873544093178035,0.2944444444444444
985,0.14293960328659538,0.11204147389292796,0.26466602129719263,0.3555555555555555
986,0.13150199116804154,0.03782699301861103,0.1190932868352223,0.4166666666666666
987,0.1326486002202217,0.07173184086540507,0.3630165289256198,0.4777777777777777
988,0.13363913016457662,0.08075075728055015,0.05456053067993366,0.5388888888888889
989,0.14893504609562894,0.11514776131807769,0.08329092451229853,0.6
990,0.16544332477942156,0.0007694797580306001,0.0909556313993174,0.05
991,0.16644315013355698,-0.03096595184964629,0.050413223140495844,0.1111111111111111
992,0.16119206338074585,-0.006397967100860824,0.07036104114189756,0.17222222222222222
993,0.1677453046619197,0.038340978843423024,0.050413223140495844,0.23333333333333328
994,0.15612551296603022,0.08418857151825776,0.13421516754850088,0.2944444444444444
995,0.11602547193753963,-0.0032201540140487928,0.3175526579739218,0.3555555555555555
996,0.15730057093175706,0.024998790966098694,0.07679324894514766,0.4166666666666666
997,0.15856595107010105,0.12710650279466207,0.09648671808054843,0.4777777777777777
998,0.13275069451421395,0.07923918631122862,0.053521126760563364,0.5388888888888889
999,0.15204423420150212,0.12309603415351433,0.05456053067993366,0.6
1000,0.16391824238226768,0.005316790348624201,0.06399331662489555,0.05
